<?xml version="1.0" encoding="UTF-8"?>
<ClinicalDocument xmlns:xsi="http://www.w3.org/2001/XMLSchema-instance" xmlns="urn:hl7-org:v3" xsi:schemaLocation="urn:hl7-org:v3 CDA.xsd">
  <realmCode code="US"/>
  <typeId root="2.16.840.1.113883.1.3" extension="POCD_HD000040"/>
  <templateId root="2.16.840.1.113883.10.20.22.1.1"/>
  <templateId root="2.16.840.1.113883.10.20.22.1.2"/>
  <id root="1.1.1.1.1.1.1.1.1" extension="Test CCDA"/>
  <code code="34133-9" codeSystem="2.16.840.1.113883.6.1" codeSystemName="LOINC" displayName="Summarization of Episode Note"/>
  <title>Community Health and Hospitals: Health Summary(Example)</title>
  <effectiveTime value="20140701000000-0000"/>
  <confidentialityCode code="N" codeSystem="2.16.840.1.113883.5.25"/>
  <languageCode code="en-US"/>
  <recordTarget>
    <patientRole>
      <id root="2.16.840.1.113883.4.1" extension="123-456-7890"/>
      <addr use="HP"><streetAddressLine>1221 Middle Street</streetAddressLine><city>Atlanta</city><state>GA</state><country>US</country><postalCode>30308</postalCode></addr>
      <telecom value="tel:404-341-5645" use="HP"/>
      <patient>
        <name><given>Marla</given><family>Dixon</family><suffix>M</suffix></name>
        <administrativeGenderCode code="F" codeSystem="2.16.840.1.113883.5.1"/>
        <birthTime value="19680214"/>
        <raceCode code="raceCode" codeSystem="2.16.840.1.113883.6.238" codeSystemName="Race and Ethnicity - CDC" displayName="White"/>
        <ethnicGroupCode code="2106-3" codeSystem="2.16.840.1.113883.6.238" codeSystemName="Race and Ethnicity - CDC" displayName="Not Hispanic or Latino"/>
      </patient>
    </patientRole>
  </recordTarget>
  <author>
    <time value="20140101000000+0500"/>
    <assignedAuthor>
      <id root="2.16.840.1.113883.4.6" extension="111111"/>
      <addr><streetAddressLine>760 Spring St.</streetAddressLine><city>Atlanta</city><state>Georgia</state><postalCode>30308</postalCode><country>US</country></addr>
      <telecom value="tel:404-385-3448" use="WP"/>
      <assignedPerson>
        <name><prefix>Dr</prefix><given>Ed</given><family>Johnson</family></name>
      </assignedPerson>
    </assignedAuthor>
  </author>
  <custodian>
    <assignedCustodian>
      <representedCustodianOrganization>
        <id root="2.16.840.1.113883.4.6" extension="99999999"/>
        <name>Marla</name>
        <telecom value="tel:404-341-5645" use="WP"/>
        <addr><streetAddressLine>1221 Middle Street</streetAddressLine><city>Atlanta</city><state>GA</state><postalCode>30308</postalCode><country>US</country></addr>
      </representedCustodianOrganization>
    </assignedCustodian>
  </custodian>
  <documentationOf typeCode="DOC">
    <serviceEvent>
      <code code="99213" codeSystem="2.16.840.1.113883.6.12" codeSystemName="CPT-4" displayName="Evaluation and Management"/>
      <effectiveTime>
        <low value="20060828"/>
      </effectiveTime>
      <performer typeCode="PRF">
        <functionCode code="PP" codeSystem="2.16.840.1.113883.12.443" codeSystemName="Provider Role" displayName="Primary Care Provider"/>
        <assignedEntity>
          <id root="2.16.840.1.113883.3.2853" extension="PP-1"/>
          <code code="208D00000X" codeSystem="2.16.840.1.113883.6.101" codeSystemName="NUCC" displayName="General Practice"/>
          <addr><streetAddressLine>760 Spring St.</streetAddressLine><city>Atlanta</city><state>GA</state><postalCode>30308</postalCode><country>US</country></addr>
          <telecom value="tel:404-385-3448" use="WP"/>
          <assignedPerson>
            <name><prefix>Dr</prefix><given>Ed</given><family>Johnson</family></name>
          </assignedPerson>
        </assignedEntity>
      </performer>
    </serviceEvent>
  </documentationOf>
  <componentOf>
    <encompassingEncounter>
      <id root="2.16.840.1.113883.3.2853" extension="1"/>
      <code code="99213" codeSystem="2.16.840.1.113883.6.12" codeSystemName="CPT-4" displayName="Evaluation and Management"/>
      <effectiveTime value="20060828"/>
      <responsibleParty>
        <assignedEntity>
          <id root="2.16.840.1.113883.4.6"/>
          <assignedPerson>
            <name><given>Ed</given><family>Johnson</family><prefix>Dr</prefix></name>
          </assignedPerson>
        </assignedEntity>
      </responsibleParty>
    </encompassingEncounter>
  </componentOf>
  <component>
    <structuredBody>
      <component>
        <section>
          <templateId root="2.16.840.1.113883.10.20.22.2.6.1"/>
          <code code="48765-2" codeSystem="2.16.840.1.113883.6.1"/>
          <title>ALLERGIES, ADVERSE REACTIONS, ALERTS</title>
          <text>
                <table border="1" width="100%">
                     <thead>
                          <tr>
                               <th>Substance</th>
                               <th>Reaction</th>
                               <th>Severity</th>
                               <th>Status</th>
                          </tr>
                     </thead>
                     <tbody>
                          <tr>
                               <td><content ID="substance1">Amoxicillin 25 MG/ML Oral Suspension [Amoxil]</content></td>
                               <td>Hay fever with asthma</td>
                               <td><content ID="severity1">Moderate to severe</content></td>
                               <td>Active</td>
                          </tr>
                          <tr>
                               <td><content ID="substance2">Penicillin G benzathine</content></td>
                               <td>Hives</td>
                               <td><content ID="severity2">Moderate to severe</content></td>
                               <td>Inactive</td>
                          </tr>
                     </tbody>
                </table></text>
          <entry typeCode="DRIV">
            <act classCode="ACT" moodCode="EVN">
              <templateId root="2.16.840.1.113883.10.20.22.4.30"/>
              <id root="a5c4bbef-bcc4-4760-8ac9-d7175017b9a3"/>
              <code code="48765-2" codeSystem="2.16.840.1.113883.6.1" codeSystemName="LOINC" displayName="Allergies, adverse reactions, alerts"/>
              <statusCode code="completed"/>
              <effectiveTime>
                <low nullFlavor="UNK"/>
                <high value="20120806"/>
              </effectiveTime>
              <entryRelationship typeCode="SUBJ">
                <observation classCode="OBS" moodCode="EVN">
                  <templateId root="2.16.840.1.113883.10.20.22.4.7"/>
                  <id root="323c69b2-c60f-4428-a9cc-1539e3091e16"/>
                  <code code="ASSERTION" codeSystem="2.16.840.1.113883.5.4"/>
                  <statusCode code="completed"/>
                  <effectiveTime>
                    <low nullFlavor="UNK"/>
                    <high value="20120806"/>
                  </effectiveTime>
                  <value xsi:type="CD" code="416098002" codeSystem="2.16.840.1.113883.6.96" codeSystemName="SNOMED CT" displayName="Drug allergy">
                    <originalText><reference value="#reaction1"/></originalText>
                  </value>
                  <participant typeCode="CSM">
                    <participantRole classCode="MANU">
                      <playingEntity classCode="MMAT">
                        <code code="205734" codeSystem="2.16.840.1.113883.6.88" codeSystemName="RxNorm" displayName="Amoxicillin 25 MG/ML Oral Suspension [Amoxil]">
                          <originalText><reference value="#substance1"/></originalText>
                        </code>
                      </playingEntity>
                    </participantRole>
                  </participant>
                  <entryRelationship typeCode="SUBJ" inversionInd="true">
                    <observation classCode="OBS" moodCode="EVN">
                      <templateId root="2.16.840.1.113883.10.20.22.4.28"/>
                      <code code="33999-4" codeSystem="2.16.840.1.113883.6.1" codeSystemName="LOINC" displayName="Status"/>
                      <statusCode code="completed"/>
                      <value xsi:type="CE" code="55561003" codeSystem="2.16.840.1.113883.6.96" displayName="Active"/>
                    </observation>
                  </entryRelationship>
                  <entryRelationship typeCode="MFST" inversionInd="true">
                    <observation classCode="OBS" moodCode="EVN">
                      <templateId root="2.16.840.1.113883.10.20.22.4.9"/>
                      <id root="e137918e-30b9-44ad-93c1-76e523f746cd"/>
                      <code code="ASSERTION" codeSystem="2.16.840.1.113883.5.4"/>
                      <statusCode code="completed"/>
                      <value xsi:type="CD" code="233683003" codeSystem="2.16.840.1.113883.6.96" codeSystemName="SNOMED CT" displayName="Hay fever with asthma"/>
                    </observation>
                  </entryRelationship>
                  <entryRelationship typeCode="SUBJ" inversionInd="true">
                    <observation classCode="OBS" moodCode="EVN">
                      <templateId root="2.16.840.1.113883.10.20.22.4.8"/>
                      <code xsi:type="CE" code="SEV" codeSystem="2.16.840.1.113883.5.4" codeSystemName="HL7ActCode" displayName="Severity Observation"/>
                      <text><reference value="#severity1"/></text>
                      <statusCode code="completed"/>
                      <value xsi:type="CD" code="371924009" codeSystem="2.16.840.1.113883.6.96" codeSystemName="SNOMED CT" displayName="Moderate to severe"/>
                    </observation>
                  </entryRelationship>
                </observation>
              </entryRelationship>
            </act>
          </entry>
          <entry typeCode="DRIV">
            <act classCode="ACT" moodCode="EVN">
              <templateId root="2.16.840.1.113883.10.20.22.4.30"/>
              <id root="28b0d7a9-45af-46c0-9cfe-1cdacf2f3d74"/>
              <code code="48765-2" codeSystem="2.16.840.1.113883.6.1" codeSystemName="LOINC" displayName="Allergies, adverse reactions, alerts"/>
              <statusCode code="active"/>
              <effectiveTime>
                <low value="20070501"/>
              </effectiveTime>
              <entryRelationship typeCode="SUBJ">
                <observation classCode="OBS" moodCode="EVN">
                  <templateId root="2.16.840.1.113883.10.20.22.4.7"/>
                  <id root="9d0c26fe-98e0-4516-bdcb-b2a345ac2618"/>
                  <code code="ASSERTION" codeSystem="2.16.840.1.113883.5.4"/>
                  <statusCode code="completed"/>
                  <effectiveTime>
                    <low value="20070501"/>
                  </effectiveTime>
                  <value xsi:type="CD" code="416098002" codeSystem="2.16.840.1.113883.6.96" codeSystemName="SNOMED CT" displayName="Drug allergy">
                    <originalText><reference value="#reaction2"/></originalText>
                  </value>
                  <participant typeCode="CSM">
                    <participantRole classCode="MANU">
                      <playingEntity classCode="MMAT">
                        <code code="7982" codeSystem="2.16.840.1.113883.6.88" codeSystemName="RxNorm" displayName="Penicillin G benzathine">
                          <originalText><reference value="#substance2"/></originalText>
                        </code>
                      </playingEntity>
                    </participantRole>
                  </participant>
                  <entryRelationship typeCode="SUBJ" inversionInd="true">
                    <observation classCode="OBS" moodCode="EVN">
                      <templateId root="2.16.840.1.113883.10.20.22.4.28"/>
                      <code code="33999-4" codeSystem="2.16.840.1.113883.6.1" codeSystemName="LOINC" displayName="Status"/>
                      <statusCode code="completed"/>
                      <value xsi:type="CE" code="73425007" codeSystem="2.16.840.1.113883.6.96" displayName="Inactive"/>
                    </observation>
                  </entryRelationship>
                  <entryRelationship typeCode="MFST" inversionInd="true">
                    <observation classCode="OBS" moodCode="EVN">
                      <templateId root="2.16.840.1.113883.10.20.22.4.9"/>
                      <id root="9e01734c-84b6-4188-a496-af97c0b0ef04"/>
                      <code code="ASSERTION" codeSystem="2.16.840.1.113883.5.4"/>
                      <statusCode code="completed"/>
                      <value xsi:type="CD" code="247472004" codeSystem="2.16.840.1.113883.6.96" codeSystemName="SNOMED CT" displayName="Hives"/>
                    </observation>
                  </entryRelationship>
                  <entryRelationship typeCode="SUBJ" inversionInd="true">
                    <observation classCode="OBS" moodCode="EVN">
                      <templateId root="2.16.840.1.113883.10.20.22.4.8"/>
                      <code xsi:type="CE" code="SEV" codeSystem="2.16.840.1.113883.5.4" codeSystemName="HL7ActCode" displayName="Severity Observation"/>
                      <text><reference value="#severity2"/></text>
                      <statusCode code="completed"/>
                      <value xsi:type="CD" code="371924009" codeSystem="2.16.840.1.113883.6.96" codeSystemName="SNOMED CT" displayName="Moderate to severe"/>
                    </observation>
                  </entryRelationship>
                </observation>
              </entryRelationship>
            </act>
          </entry>
        </section>
      </component>
      <component>
        <section>
          <templateId root="2.16.840.1.113883.10.20.22.2.22.1"/>
          <code code="46240-8" codeSystem="2.16.840.1.113883.6.1" codeSystemName="LOINC" displayName="History of encounters"/>
          <title>Encounters</title>
          <text>
                <table border="1" width="100%">
                     <thead>
                          <tr>
                               <th>Visit Date</th>
                               <th>Chief Complaint</th>
                               <th>Diagnosis</th>
                               <th>ICD-9</th>
                               <th>Height</th>
                               <th>Weight</th>
                               <th>Pulse</th>
                               <th>Respiration</th>
                               <th>Blood Pressure</th>
                               <th>Notes</th>
                          </tr>
                     </thead>
                     <tbody>
                          <tr>
                               <td><content ID="Encounter1"/>20110423</td>
                               <td>Annual Physical Exam</td>
                               <td>Essential Hypertension</td>
                               <td>401.9</td>
                               <td>68 inches</td>
                               <td>185</td>
                               <td>78</td>
                               <td>32</td>
                               <td>160/95</td>
                               <td>This is an example of Note.</td>
                          </tr>
                          <tr>
                               <td><content ID="Encounter2"/>20110424</td>
                               <td>bbbbbbbbb</td>
                               <td>Essential Hypertension</td>
                               <td>401.9</td>
                               <td>68 inches</td>
                               <td>185</td>
                               <td>78</td>
                               <td>32</td>
                               <td>160/96</td>
                               <td>This is an example of Note.</td>
                          </tr>
                          <tr>
                               <td><content ID="Encounter3"/>20110425</td>
                               <td>cccccccccc</td>
                               <td>Essential Hypertension</td>
                               <td>401.9</td>
                               <td>69 inches</td>
                               <td>185</td>
                               <td>78</td>
                               <td>32</td>
                               <td>160/97</td>
                               <td>This is an example of Note.</td>
                          </tr>
                     </tbody>
                </table></text>
          <entry typeCode="DRIV">
            <encounter classCode="ENC" moodCode="EVN">
              <templateId root="2.16.840.1.113883.10.20.22.4.49"/>
              <id root="953cbe71-af9a-4bc4-86af-f4e3fd010056"/>
              <code code="99241" codeSystem="2.16.840.1.113883.6.12" codeSystemName="CPT" codeSystemVersion="4" displayName="Annual Physical Exam">
                <originalText>Checkup Examination<reference value="#Encounter1"/></originalText>
              </code>
              <statusCode code="completed"/>
              <effectiveTime value="20110423"/>
            </encounter>
          </entry>
          <entry typeCode="DRIV">
            <encounter classCode="ENC" moodCode="EVN">
              <templateId root="2.16.840.1.113883.10.20.22.4.49"/>
              <id root="b6f2bc0d-d9c6-4481-b4a3-3e31e54b7fec"/>
              <code code="99241" codeSystem="2.16.840.1.113883.6.12" codeSystemName="CPT" codeSystemVersion="4" displayName="Annual Physical Exam">
                <originalText>Checkup Examination<reference value="#Encounter2"/></originalText>
              </code>
              <statusCode code="completed"/>
              <effectiveTime value="20110424"/>
            </encounter>
          </entry>
          <entry typeCode="DRIV">
            <encounter classCode="ENC" moodCode="EVN">
              <templateId root="2.16.840.1.113883.10.20.22.4.49"/>
              <id root="c0a18c27-a7ed-478a-8575-13eb33c5bf56"/>
              <code code="99241" codeSystem="2.16.840.1.113883.6.12" codeSystemName="CPT" codeSystemVersion="4" displayName="Annual Physical Exam">
                <originalText>Checkup Examination<reference value="#Encounter3"/></originalText>
              </code>
              <statusCode code="completed"/>
              <effectiveTime value="20110425"/>
            </encounter>
          </entry>
        </section>
      </component>
      <component>
        <section>
          <templateId root="2.16.840.1.113883.10.20.22.2.2.1"/>
          <code code="11369-6" codeSystem="2.16.840.1.113883.6.1" codeSystemName="LOINC" displayName="History of immunizations"/>
          <title>IMMUNIZATIONS</title>
          <text>
                <table border="1" width="100%">
                     <thead>
                          <tr>
                               <th>Vaccine</th>
                               <th>Date</th>
                               <th>status</th>
                          </tr>
                     </thead>
                     <tbody>
                          <tr>
                               <td><content ID="immun1">Influenza virus vaccine</content></td>
                               <td>20110423</td>
                               <td>completed</td>
                          </tr>
                          <tr>
                               <td><content ID="immun2">Tetanus and diphtheria toxoids - preservative free</content></td>
                               <td>20110423</td>
                               <td>completed</td>
                          </tr>
                     </tbody>
                </table></text>
          <entry typeCode="DRIV">
            <substanceAdministration classCode="SBADM" moodCode="EVN" negationInd="false">
              <templateId root="2.16.840.1.113883.10.20.22.4.52"/>
              <id root="0ef2d9cd-fb31-44f7-b244-fb384b595825"/>
              <text><reference value="#immun1"/></text>
              <statusCode code="completed"/>
              <effectiveTime xsi:type="IVL_TS" value="20110423"/>
              <doseQuantity value="50" unit="mcg"/>
              <consumable>
                <manufacturedProduct classCode="MANU">
                  <templateId root="2.16.840.1.113883.10.20.22.4.54"/>
                  <manufacturedMaterial>
                    <code code="111" codeSystem="2.16.840.1.113883.12.292" codeSystemName="CVX" displayName="Influenza virus vaccine">
                      <originalText>Influenza virus vaccine</originalText>
                    </code>
                  </manufacturedMaterial>
                </manufacturedProduct>
              </consumable>
            </substanceAdministration>
          </entry>
          <entry typeCode="DRIV">
            <substanceAdministration classCode="SBADM" moodCode="EVN" negationInd="false">
              <templateId root="2.16.840.1.113883.10.20.22.4.52"/>
              <id root="ba606ad5-a19d-4516-9644-dbb704d8645b"/>
              <text><reference value="#immun2"/></text>
              <statusCode code="completed"/>
              <effectiveTime xsi:type="IVL_TS" value="20110423"/>
              <doseQuantity value="50" unit="mcg"/>
              <consumable>
                <manufacturedProduct classCode="MANU">
                  <templateId root="2.16.840.1.113883.10.20.22.4.54"/>
                  <manufacturedMaterial>
                    <code code="113" codeSystem="2.16.840.1.113883.12.292" codeSystemName="CVX" displayName="Tetanus and diphtheria toxoids - preservative free">
                      <originalText>Tetanus and diphtheria toxoids - preservative free</originalText>
                      <translation code="9" codeSystem="2.16.840.1.113883.12.292" codeSystemName="CVX" displayName="Tetanus and diphtheria toxoids - preservative free"/>
                    </code>
                  </manufacturedMaterial>
                </manufacturedProduct>
              </consumable>
            </substanceAdministration>
          </entry>
        </section>
      </component>
      <component>
        <section>
          <templateId root="2.16.840.1.113883.10.20.22.2.1.1"/>
          <code code="10160-0" codeSystem="2.16.840.1.113883.6.1" codeSystemName="LOINC" displayName="HISTORY OF MEDICATION USE"/>
          <title>Medications</title>
          <text>
                <table border="1" width="100%">
                     <thead>
                          <tr>
                               <th>Start Date</th>
                               <th>Stop Date</th>
                               <th>Drug</th>
                               <th>Route</th>
                               <th>Type</th>
                               <th>sig</th>
                          </tr>
                     </thead>
                     <tbody>
                          <tr>
                               <td>20110423</td>
                               <td>20120417</td>
                               <td><content ID="Medication1">Furosemide 40 MG Oral Tablet [Lasix]</content></td>
                               <td>Oral</td>
                               <td>Tablet</td>
                               <td>1 tablet at bedtime</td>
                          </tr>
                          <tr>
                               <td>20110423</td>
                               <td>20120417</td>
                               <td><content ID="Medication2">24 HR Propranolol Hydrochloride 60 MG Extended Release Oral Capsule [Inderal]</content></td>
                               <td>Oral</td>
                               <td>Tablet</td>
                               <td>1 tablet each morning</td>
                          </tr>
                     </tbody>
                </table></text>
          <entry typeCode="DRIV">
            <substanceAdministration classCode="SBADM" moodCode="EVN">
              <templateId root="2.16.840.1.113883.10.20.22.4.16"/>
              <id root="a90fbff8-28e9-4e71-9199-6ba0b427084a"/>
              <text><reference value="#Medication1"/>Furosemide 40 MG Oral Tablet [Lasix], 1 tablet at bedtime</text>
              <statusCode code="completed"/>
              <effectiveTime xsi:type="IVL_TS">
                <low value="20110423"/>
                <high value="20120417"/>
              </effectiveTime>
              <routeCode code="C38288" codeSystem="2.16.840.1.113883.3.26.1.1" codeSystemName="NCI Thesaurus" displayName="Oral"/>
              <doseQuantity value="1"/>
              <rateQuantity value="1" unit="d"/>
              <administrationUnitCode code="C42998" codeSystem="2.16.840.1.113883.3.26.1.1" codeSystemName="NCI Thesaurus" displayName="Tablet"/>
              <consumable>
                <manufacturedProduct classCode="MANU">
                  <templateId root="2.16.840.1.113883.10.20.22.4.23"/>
                  <manufacturedMaterial>
                    <code code="200809" codeSystem="2.16.840.1.113883.6.88" codeSystemName="RxNorm" displayName="Furosemide 40 MG Oral Tablet [Lasix]">
                      <originalText><reference value="#medication1"/></originalText>
                    </code>
                  </manufacturedMaterial>
                </manufacturedProduct>
              </consumable>
            </substanceAdministration>
          </entry>
          <entry typeCode="DRIV">
            <substanceAdministration classCode="SBADM" moodCode="EVN">
              <templateId root="2.16.840.1.113883.10.20.22.4.16"/>
              <id root="98677c33-1b25-4db9-a003-779e88163ca1"/>
              <text><reference value="#Medication2"/>24 HR Propranolol Hydrochloride 60 MG Extended Release Oral Capsule [Inderal], 1 tablet each morning</text>
              <statusCode code="completed"/>
              <effectiveTime xsi:type="IVL_TS">
                <low value="20110423"/>
                <high value="20120417"/>
              </effectiveTime>
              <routeCode code="C38288" codeSystem="2.16.840.1.113883.3.26.1.1" codeSystemName="NCI Thesaurus" displayName="Oral"/>
              <doseQuantity value="1"/>
              <rateQuantity value="1" unit="d"/>
              <administrationUnitCode code="C42998" codeSystem="2.16.840.1.113883.3.26.1.1" codeSystemName="NCI Thesaurus" displayName="Tablet"/>
              <consumable>
                <manufacturedProduct classCode="MANU">
                  <templateId root="2.16.840.1.113883.10.20.22.4.23"/>
                  <manufacturedMaterial>
                    <code code="857537" codeSystem="2.16.840.1.113883.6.88" codeSystemName="RxNorm" displayName="24 HR Propranolol Hydrochloride 60 MG Extended Release Oral Capsule [Inderal]">
                      <originalText><reference value="#medication2"/></originalText>
                    </code>
                  </manufacturedMaterial>
                </manufacturedProduct>
              </consumable>
            </substanceAdministration>
          </entry>
        </section>
      </component>
      <component>
        <section>
          <templateId root="2.16.840.1.113883.10.20.22.2.5.1"/>
          <code code="11450-4" codeSystem="2.16.840.1.113883.6.1" codeSystemName="LOINC" displayName="PROBLEM LIST"/>
          <title>PROBLEMS</title>
          <text><content ID="problems"/>
                 <list listType="ordered">
                     <item><content ID="problem1">Diabetes Mellitus</content></item>
                     <item><content ID="problem2">Essential Hyptertension</content></item>
                     <item><content ID="problem3">Simple chronic bronchitis</content></item>
                     <item><content ID="problem4">Coronary artery disease</content></item>
                 </list>
</text>
          <entry typeCode="DRIV">
            <act classCode="ACT" moodCode="EVN">
              <templateId root="2.16.840.1.113883.10.20.22.4.3"/>
              <id root="f6ec41b3-4f86-4842-9e14-061bb57d0870"/>
              <code code="CONC" codeSystem="2.16.840.1.113883.5.6" displayName="Concern"/>
              <statusCode code="active"/>
              <effectiveTime>
                <low value="20050501"/>
              </effectiveTime>
              <entryRelationship typeCode="SUBJ">
                <observation classCode="OBS" moodCode="EVN">
                  <templateId root="2.16.840.1.113883.10.20.22.4.4"/>
                  <id root="fc19b934-0175-47d1-8e6f-640fad909bfc"/>
                  <code code="409586006" codeSystem="2.16.840.1.113883.6.96" displayName="Complaint"/>
                  <text><reference value="#problem1"/></text>
                  <statusCode code="completed"/>
                  <value xsi:type="CD" code="987654321" codeSystem="2.16.840.1.113883.6.96" codeSystemName="SNOMED CT" displayName="Diabetes Mellitus"/>
                </observation>
              </entryRelationship>
            </act>
          </entry>
          <entry typeCode="DRIV">
            <act classCode="ACT" moodCode="EVN">
              <templateId root="2.16.840.1.113883.10.20.22.4.3"/>
              <id root="78a530d2-ebbf-491c-b3b3-fa9fef7dfc86"/>
              <code code="CONC" codeSystem="2.16.840.1.113883.5.6" displayName="Concern"/>
              <statusCode code="active"/>
              <effectiveTime>
                <low value="20050501"/>
              </effectiveTime>
              <entryRelationship typeCode="SUBJ">
                <observation classCode="OBS" moodCode="EVN">
                  <templateId root="2.16.840.1.113883.10.20.22.4.4"/>
                  <id root="ba66676d-8d41-46ba-a7a1-a4c2e0242959"/>
                  <code code="409586006" codeSystem="2.16.840.1.113883.6.96" displayName="Complaint"/>
                  <text><reference value="#problem2"/></text>
                  <statusCode code="completed"/>
                  <value xsi:type="CD" code="987654321" codeSystem="2.16.840.1.113883.6.96" codeSystemName="SNOMED CT" displayName="Essential Hyptertension"/>
                </observation>
              </entryRelationship>
            </act>
          </entry>
          <entry typeCode="DRIV">
            <act classCode="ACT" moodCode="EVN">
              <templateId root="2.16.840.1.113883.10.20.22.4.3"/>
              <id root="a858d19f-0773-46b6-b900-1f517b3f6985"/>
              <code code="CONC" codeSystem="2.16.840.1.113883.5.6" displayName="Concern"/>
              <statusCode code="completed"/>
              <effectiveTime>
                <low value="20050501"/>
                <high value="20140701"/>
              </effectiveTime>
              <entryRelationship typeCode="SUBJ">
                <observation classCode="OBS" moodCode="EVN">
                  <templateId root="2.16.840.1.113883.10.20.22.4.4"/>
                  <id root="495e2ec2-bd7f-42ab-a7cd-35b38a42c8bf"/>
                  <code code="409586006" codeSystem="2.16.840.1.113883.6.96" displayName="Complaint"/>
                  <text><reference value="#problem3"/></text>
                  <statusCode code="completed"/>
                  <value xsi:type="CD" code="987654321" codeSystem="2.16.840.1.113883.6.96" codeSystemName="SNOMED CT" displayName="Simple chronic bronchitis"/>
                </observation>
              </entryRelationship>
            </act>
          </entry>
          <entry typeCode="DRIV">
            <act classCode="ACT" moodCode="EVN">
              <templateId root="2.16.840.1.113883.10.20.22.4.3"/>
              <id root="0d82e481-a769-4ded-8fb8-1b6929bdf755"/>
              <code code="CONC" codeSystem="2.16.840.1.113883.5.6" displayName="Concern"/>
              <statusCode code="completed"/>
              <effectiveTime>
                <low value="20050501"/>
                <high value="20140701"/>
              </effectiveTime>
              <entryRelationship typeCode="SUBJ">
                <observation classCode="OBS" moodCode="EVN">
                  <templateId root="2.16.840.1.113883.10.20.22.4.4"/>
                  <id root="093d66f8-bf0e-4c1f-aac4-4e2e91621b5e"/>
                  <code code="409586006" codeSystem="2.16.840.1.113883.6.96" displayName="Complaint"/>
                  <text><reference value="#problem4"/></text>
                  <statusCode code="completed"/>
                  <value xsi:type="CD" code="987654321" codeSystem="2.16.840.1.113883.6.96" codeSystemName="SNOMED CT" displayName="Coronary artery disease"/>
                </observation>
              </entryRelationship>
            </act>
          </entry>
        </section>
      </component>
      <component>
        <section>
          <templateId root="2.16.840.1.113883.10.20.22.2.3.1"/>
          <code code="30954-2" codeSystem="2.16.840.1.113883.6.1" codeSystemName="LOINC" displayName="RESULTS"/>
          <title>RESULTS</title>
          <text>
                <table border="1" width="100%">
                     <thead>
                          <tr>
                               <th>Visit Date</th>
                               <th>Test</th>
                               <th>LOINC</th>
                               <th>Value</th>
                               <th>Unit</th>
                               <th>Short Name</th>
                          </tr>
                     </thead>
                     <tbody>
                          <tr>
                               <td><content ID="result1"/>20110423</td>
                               <td>Free Hemoglobin [Mass/?volume] in Serum</td>
                               <td>4635-9 </td>
                               <td>12.5</td>
                               <td>g/dl</td>
                               <td>Serum Hemoglobin</td>
                          </tr>
                          <tr>
                               <td><content ID="result2"/>20110423</td>
                               <td>Hematocrit [Volume Fraction] of Blood</td>
                               <td>20570-8 </td>
                               <td>40</td>
                               <td>%</td>
                               <td>Hematocrit</td>
                          </tr>
                          <tr>
                               <td><content ID="result3"/>20110423</td>
                               <td>Erythrocytes [#/?volume] in Blood by Automated count</td>
                               <td>789-8</td>
                               <td>4.2</td>
                               <td>mcL</td>
                               <td>Red Blood Count</td>
                          </tr>
                          <tr>
                               <td><content ID="result4"/>20110423</td>
                               <td>Sodium [Moles/?volume] in Serum or Plasma</td>
                               <td>2951-2</td>
                               <td>137</td>
                               <td>mmol/L</td>
                               <td>Serum Sodium</td>
                          </tr>
                          <tr>
                               <td><content ID="result5"/>20110423</td>
                               <td>Potassium [Moles/?volume] in Serum or Plasma</td>
                               <td>2823-3</td>
                               <td>3.4</td>
                               <td>mmol/L</td>
                               <td>Serum Potassium</td>
                          </tr>
                          <tr>
                               <td><content ID="result6"/>20110423</td>
                               <td>Chloride [Moles/?volume] in Serum or Plasma</td>
                               <td>2075-0</td>
                               <td>98</td>
                               <td>mmol/L</td>
                               <td>Serum Chloride</td>
                          </tr>
                          <tr>
                               <td><content ID="result7"/>20110423</td>
                               <td>Chest and Abdomen X-ray AP and PA chest</td>
                               <td>42011-7</td>
                               <td>Mild LV enlargement</td>
                               <td>text</td>
                               <td>AP and PA Chest X-ray</td>
                          </tr>
                          <tr>
                               <td><content ID="result8"/>20110423</td>
                               <td>EKG impression</td>
                               <td>8601-7</td>
                               <td>Possible early LVH</td>
                               <td>text</td>
                               <td>EKG</td>
                          </tr>
                          <tr>
                               <td><content ID="result9"/>20110423</td>
                               <td>Oxygen saturation in Arterial blood by Pulse oximetry</td>
                               <td>59408-5</td>
                               <td>92</td>
                               <td>%</td>
                               <td>Pulse Oxygen</td>
                          </tr>
                     </tbody>
                </table></text>
          <entry typeCode="DRIV">
            <organizer classCode="BATTERY" moodCode="EVN">
              <templateId root="2.16.840.1.113883.10.20.22.4.1"/>
              <id root="a3404dc2-6d85-46ee-921b-7737f6e55076"/>
              <code code="4635-9 " codeSystem="2.16.840.1.113883.6.1" codeSystemName="LOINC" displayName="Free Hemoglobin [Mass/?volume] in Serum"/>
              <statusCode code="completed"/>
              <component>
                <observation classCode="OBS" moodCode="EVN">
                  <templateId root="2.16.840.1.113883.10.20.22.4.2"/>
                  <id root="5a5a0c67-28e0-4f93-8b5d-62cc50b46afd"/>
                  <code xsi:type="CE" code="4635-9 " codeSystem="2.16.840.1.113883.6.1" codeSystemName="LOINC" displayName="Free Hemoglobin [Mass/?volume] in Serum"/>
                  <text><reference value="#result1"/></text>
                  <statusCode code="completed"/>
                  <effectiveTime value="20110423"/>
                  <value xsi:type="PQ" value="12.5" unit="g/dl"/>
                </observation>
              </component>
            </organizer>
          </entry>
          <entry typeCode="DRIV">
            <organizer classCode="BATTERY" moodCode="EVN">
              <templateId root="2.16.840.1.113883.10.20.22.4.1"/>
              <id root="97ffdd19-2e01-4c34-9589-21261dd24451"/>
              <code code="20570-8 " codeSystem="2.16.840.1.113883.6.1" codeSystemName="LOINC" displayName="Hematocrit [Volume Fraction] of Blood"/>
              <statusCode code="completed"/>
              <component>
                <observation classCode="OBS" moodCode="EVN">
                  <templateId root="2.16.840.1.113883.10.20.22.4.2"/>
                  <id root="48313cf3-14b3-4ee3-bbc5-c2bd1433f87b"/>
                  <code xsi:type="CE" code="20570-8 " codeSystem="2.16.840.1.113883.6.1" codeSystemName="LOINC" displayName="Hematocrit [Volume Fraction] of Blood"/>
                  <text><reference value="#result2"/></text>
                  <statusCode code="completed"/>
                  <effectiveTime value="20110423"/>
                  <value xsi:type="PQ" value="40.0" unit="%"/>
                </observation>
              </component>
            </organizer>
          </entry>
          <entry typeCode="DRIV">
            <organizer classCode="BATTERY" moodCode="EVN">
              <templateId root="2.16.840.1.113883.10.20.22.4.1"/>
              <id root="24eab33a-f42f-47fd-8892-fcce0015d3d6"/>
              <code code="789-8" codeSystem="2.16.840.1.113883.6.1" codeSystemName="LOINC" displayName="Erythrocytes [#/?volume] in Blood by Automated count"/>
              <statusCode code="completed"/>
              <component>
                <observation classCode="OBS" moodCode="EVN">
                  <templateId root="2.16.840.1.113883.10.20.22.4.2"/>
                  <id root="6bc992c8-2e9e-437e-a3cb-e88f65255cc4"/>
                  <code xsi:type="CE" code="789-8" codeSystem="2.16.840.1.113883.6.1" codeSystemName="LOINC" displayName="Erythrocytes [#/?volume] in Blood by Automated count"/>
                  <text><reference value="#result3"/></text>
                  <statusCode code="completed"/>
                  <effectiveTime value="20110423"/>
                  <value xsi:type="PQ" value="4.2" unit="mcL"/>
                </observation>
              </component>
            </organizer>
          </entry>
          <entry typeCode="DRIV">
            <organizer classCode="BATTERY" moodCode="EVN">
              <templateId root="2.16.840.1.113883.10.20.22.4.1"/>
              <id root="da87ede4-a07e-4144-b92e-1241b2bed560"/>
              <code code="2951-2" codeSystem="2.16.840.1.113883.6.1" codeSystemName="LOINC" displayName="Sodium [Moles/?volume] in Serum or Plasma"/>
              <statusCode code="completed"/>
              <component>
                <observation classCode="OBS" moodCode="EVN">
                  <templateId root="2.16.840.1.113883.10.20.22.4.2"/>
                  <id root="ead7892c-0cf5-4dbd-856d-4f9141a524ca"/>
                  <code xsi:type="CE" code="2951-2" codeSystem="2.16.840.1.113883.6.1" codeSystemName="LOINC" displayName="Sodium [Moles/?volume] in Serum or Plasma"/>
                  <text><reference value="#result4"/></text>
                  <statusCode code="completed"/>
                  <effectiveTime value="20110423"/>
                  <value xsi:type="PQ" value="137.0" unit="mmol/L"/>
                </observation>
              </component>
            </organizer>
          </entry>
          <entry typeCode="DRIV">
            <organizer classCode="BATTERY" moodCode="EVN">
              <templateId root="2.16.840.1.113883.10.20.22.4.1"/>
              <id root="e7cf6c22-21cd-420a-b3bc-85ff6222e244"/>
              <code code="2823-3" codeSystem="2.16.840.1.113883.6.1" codeSystemName="LOINC" displayName="Potassium [Moles/?volume] in Serum or Plasma"/>
              <statusCode code="completed"/>
              <component>
                <observation classCode="OBS" moodCode="EVN">
                  <templateId root="2.16.840.1.113883.10.20.22.4.2"/>
                  <id root="fe0bee0e-c2e1-4feb-8604-e400384aa4c2"/>
                  <code xsi:type="CE" code="2823-3" codeSystem="2.16.840.1.113883.6.1" codeSystemName="LOINC" displayName="Potassium [Moles/?volume] in Serum or Plasma"/>
                  <text><reference value="#result5"/></text>
                  <statusCode code="completed"/>
                  <effectiveTime value="20110423"/>
                  <value xsi:type="PQ" value="3.4" unit="mmol/L"/>
                </observation>
              </component>
            </organizer>
          </entry>
          <entry typeCode="DRIV">
            <organizer classCode="BATTERY" moodCode="EVN">
              <templateId root="2.16.840.1.113883.10.20.22.4.1"/>
              <id root="6a3d484b-3877-41d2-b90c-7cf26d43108a"/>
              <code code="2075-0" codeSystem="2.16.840.1.113883.6.1" codeSystemName="LOINC" displayName="Chloride [Moles/?volume] in Serum or Plasma"/>
              <statusCode code="completed"/>
              <component>
                <observation classCode="OBS" moodCode="EVN">
                  <templateId root="2.16.840.1.113883.10.20.22.4.2"/>
                  <id root="29695bbc-9c95-4cb6-8278-75eefd92558b"/>
                  <code xsi:type="CE" code="2075-0" codeSystem="2.16.840.1.113883.6.1" codeSystemName="LOINC" displayName="Chloride [Moles/?volume] in Serum or Plasma"/>
                  <text><reference value="#result6"/></text>
                  <statusCode code="completed"/>
                  <effectiveTime value="20110423"/>
                  <value xsi:type="PQ" value="98.0" unit="mmol/L"/>
                </observation>
              </component>
            </organizer>
          </entry>
          <entry typeCode="DRIV">
            <organizer classCode="BATTERY" moodCode="EVN">
              <templateId root="2.16.840.1.113883.10.20.22.4.1"/>
              <id root="b27100ad-f2d9-448f-94bf-6f39671d7ce6"/>
              <code code="42011-7" codeSystem="2.16.840.1.113883.6.1" codeSystemName="LOINC" displayName="Chest and Abdomen X-ray AP and PA chest"/>
              <statusCode code="completed"/>
              <component>
                <observation classCode="OBS" moodCode="EVN">
                  <templateId root="2.16.840.1.113883.10.20.22.4.2"/>
                  <id root="86a0c56d-bfd3-4ac7-b6f9-c8409bca8794"/>
                  <code xsi:type="CE" code="42011-7" codeSystem="2.16.840.1.113883.6.1" codeSystemName="LOINC" displayName="Chest and Abdomen X-ray AP and PA chest"/>
                  <text><reference value="#result7"/></text>
                  <statusCode code="completed"/>
                  <effectiveTime value="20110423"/>
                  <value xsi:type="ST">Mild LV enlargement</value>
                </observation>
              </component>
            </organizer>
          </entry>
          <entry typeCode="DRIV">
            <organizer classCode="BATTERY" moodCode="EVN">
              <templateId root="2.16.840.1.113883.10.20.22.4.1"/>
              <id root="919aab6c-cb98-4b88-a44b-a3d8b5a2b6f0"/>
              <code code="8601-7" codeSystem="2.16.840.1.113883.6.1" codeSystemName="LOINC" displayName="EKG impression"/>
              <statusCode code="completed"/>
              <component>
                <observation classCode="OBS" moodCode="EVN">
                  <templateId root="2.16.840.1.113883.10.20.22.4.2"/>
                  <id root="b0a616bf-1ea4-47be-b546-c8263f17445e"/>
                  <code xsi:type="CE" code="8601-7" codeSystem="2.16.840.1.113883.6.1" codeSystemName="LOINC" displayName="EKG impression"/>
                  <text><reference value="#result8"/></text>
                  <statusCode code="completed"/>
                  <effectiveTime value="20110423"/>
                  <value xsi:type="ST">Possible early LVH</value>
                </observation>
              </component>
            </organizer>
          </entry>
          <entry typeCode="DRIV">
            <organizer classCode="BATTERY" moodCode="EVN">
              <templateId root="2.16.840.1.113883.10.20.22.4.1"/>
              <id root="d3aeb868-48d1-409b-9112-582fcf59434b"/>
              <code code="59408-5" codeSystem="2.16.840.1.113883.6.1" codeSystemName="LOINC" displayName="Oxygen saturation in Arterial blood by Pulse oximetry"/>
              <statusCode code="completed"/>
              <component>
                <observation classCode="OBS" moodCode="EVN">
                  <templateId root="2.16.840.1.113883.10.20.22.4.2"/>
                  <id root="837e10fa-2c42-4904-afef-7f56c0a3682a"/>
                  <code xsi:type="CE" code="59408-5" codeSystem="2.16.840.1.113883.6.1" codeSystemName="LOINC" displayName="Oxygen saturation in Arterial blood by Pulse oximetry"/>
                  <text><reference value="#result9"/></text>
                  <statusCode code="completed"/>
                  <effectiveTime value="20110423"/>
                  <value xsi:type="PQ" value="92.0" unit="%"/>
                </observation>
              </component>
            </organizer>
          </entry>
        </section>
      </component>
      <component>
        <section>
          <templateId root="2.16.840.1.113883.10.20.22.2.17"/>
          <code code="29762-2" codeSystem="2.16.840.1.113883.6.1" codeSystemName="LOINC" displayName="Social History"/>
          <title>social History</title>
          <text>
                <table border="1" width="100%">
                     <thead>
                          <tr>
                               <th>History</th>
                               <th>From</th>
                               <th>To</th>
                          </tr>
                     </thead>
                     <tbody>
                          <tr>
                               <td><content ID="soc1"/>Former Smoker</td>
                               <td>1984</td>
                               <td>2014</td>
                          </tr>
                     </tbody>
                </table></text>
          <entry typeCode="DRIV">
            <observation classCode="OBS" moodCode="EVN">
              <templateId root="2.16.840.1.113883.10.22.4.78"/>
              <id root="2.16.840.1.113883.19" extension="123456789"/>
              <code code="ASSERTION" codeSystem="2.16.840.1.113883.5.4"/>
              <statusCode code="completed"/>
              <effectiveTime>
                <low value="1984"/>
                <high value="2014"/>
              </effectiveTime>
              <value xsi:type="CD" code="8517006" codeSystem="2.16.840.1.113883.6.96" displayName="Former Smoker"/>
            </observation>
          </entry>
        </section>
      </component>
      <component>
        <section>
          <templateId root="2.16.840.1.113883.10.20.22.2.4.1"/>
          <code code="8716-3" codeSystem="2.16.840.1.113883.6.1" codeSystemName="LOINC" displayName="VITAL SIGNS"/>
          <title>VITAL SIGNS</title>
          <text>
                <table border="1" width="100%">
                     <thead>
                          <tr>
                               <th>Date</th>
                               <th>Height</th>
                               <th>Weight</th>
                               <th>Blood Pressure</th>
                          </tr>
                     </thead>
                     <tbody>
                          <tr>
                               <td>20111101</td>
                               <td><content ID="vit1">69 inches</content></td>
                               <td><content ID="vit3">189 lbs</content></td>
                               <td><content ID="vit5">132/86 mm[Hg]</content></td>
                          </tr>
                          <tr>
                               <td>20120806</td>
                               <td><content ID="vit2">69 inches</content></td>
                               <td><content ID="vit4">194 lbs</content></td>
                               <td><content ID="vit6">145/88 mm[Hg]</content></td>
                          </tr>
                     </tbody>
                </table></text>
          <entry typeCode="DRIV">
            <organizer classCode="CLUSTER" moodCode="EVN">
              <templateId root="2.16.840.1.113883.10.20.22.4.26"/>
              <id root="406c0a5c-5945-4a23-9844-b988dfd9f1f3"/>
              <code code="46680005" codeSystem="2.16.840.1.113883.6.96" codeSystemName="SNOMED -CT" displayName="Vital signs"/>
              <statusCode code="completed"/>
              <effectiveTime value="20111101"/>
              <component>
                <observation classCode="OBS" moodCode="EVN">
                  <templateId root="2.16.840.1.113883.10.20.22.4.27"/>
                  <id root="5c9c2f6a-bffa-4bf3-a693-f63e4523a252"/>
                  <code code="8302-2" codeSystem="2.16.840.1.113883.6.1" codeSystemName="LOINC" displayName="Height"/>
                  <text><reference value="#vit1"/></text>
                  <statusCode code="completed"/>
                  <effectiveTime value="20111101"/>
                  <value xsi:type="PQ" value="69.0" unit="in"/>
                  <interpretationCode code="N" codeSystem="2.16.840.1.113883.5.83"/>
                </observation>
              </component>
              <component>
                <observation classCode="OBS" moodCode="EVN">
                  <templateId root="2.16.840.1.113883.10.20.22.4.27"/>
                  <id root="0ba9e8ab-22b9-4b01-a305-4f0e7de97c59"/>
                  <code code="3141-9" codeSystem="2.16.840.1.113883.6.1" codeSystemName="LOINC" displayName="Patient Body Weight - Measured"/>
                  <text><reference value="#vit2"/></text>
                  <statusCode code="completed"/>
                  <effectiveTime value="20111101"/>
                  <value xsi:type="PQ" value="189.0" unit="lbs"/>
                  <interpretationCode code="N" codeSystem="2.16.840.1.113883.5.83"/>
                </observation>
              </component>
              <component>
                <observation classCode="OBS" moodCode="EVN">
                  <templateId root="2.16.840.1.113883.10.20.22.4.27"/>
                  <id root="002839b3-4d0f-41f1-aaab-53968695675c"/>
                  <code code="8480-6" codeSystem="2.16.840.1.113883.6.1" codeSystemName="LOINC" displayName="Intravascular Systolic"/>
                  <text><reference value="#vit3"/></text>
                  <statusCode code="completed"/>
                  <effectiveTime value="20111101"/>
                  <value xsi:type="PQ" value="132.0" unit="mm[Hg]"/>
                  <interpretationCode code="N" codeSystem="2.16.840.1.113883.5.83"/>
                </observation>
              </component>
            </organizer>
          </entry>
          <entry typeCode="DRIV">
            <organizer classCode="CLUSTER" moodCode="EVN">
              <templateId root="2.16.840.1.113883.10.20.22.4.26"/>
              <id root="9c63947d-3c1d-4d12-8c22-73b2a33f8f00"/>
              <code code="46680005" codeSystem="2.16.840.1.113883.6.96" codeSystemName="SNOMED -CT" displayName="Vital signs"/>
              <statusCode code="completed"/>
              <effectiveTime value="20120806"/>
              <component>
                <observation classCode="OBS" moodCode="EVN">
                  <templateId root="2.16.840.1.113883.10.20.22.4.27"/>
                  <id root="723c0e31-15d8-4662-ae7c-9d2a3c406e14"/>
                  <code code="8302-2" codeSystem="2.16.840.1.113883.6.1" codeSystemName="LOINC" displayName="Height"/>
                  <text><reference value="#vit4"/></text>
                  <statusCode code="completed"/>
                  <effectiveTime value="20120806"/>
                  <value xsi:type="PQ" value="69.0" unit="in"/>
                  <interpretationCode code="N" codeSystem="2.16.840.1.113883.5.83"/>
                </observation>
              </component>
              <component>
                <observation classCode="OBS" moodCode="EVN">
                  <templateId root="2.16.840.1.113883.10.20.22.4.27"/>
                  <id root="1821d3b6-1498-4bb5-8932-ce8dc9f9b61b"/>
                  <code code="3141-9" codeSystem="2.16.840.1.113883.6.1" codeSystemName="LOINC" displayName="Patient Body Weight - Measured"/>
                  <text><reference value="#vit5"/></text>
                  <statusCode code="completed"/>
                  <effectiveTime value="20120806"/>
                  <value xsi:type="PQ" value="194.0" unit="lbs"/>
                  <interpretationCode code="N" codeSystem="2.16.840.1.113883.5.83"/>
                </observation>
              </component>
              <component>
                <observation classCode="OBS" moodCode="EVN">
                  <templateId root="2.16.840.1.113883.10.20.22.4.27"/>
                  <id root="69500eb1-d40b-42a0-87b1-ef25fe6d217d"/>
                  <code code="8480-6" codeSystem="2.16.840.1.113883.6.1" codeSystemName="LOINC" displayName="Intravascular Systolic"/>
                  <text><reference value="#vit6"/></text>
                  <statusCode code="completed"/>
                  <effectiveTime value="20120806"/>
                  <value xsi:type="PQ" value="145.0" unit="mm[Hg]"/>
                  <interpretationCode code="N" codeSystem="2.16.840.1.113883.5.83"/>
                </observation>
              </component>
            </organizer>
          </entry>
        </section>
      </component>
    </structuredBody>
  </component>
</ClinicalDocument>
